"Patient","Weeks","FVC","Age","Sex","SmokingStatus"
"SYNTHETIC-001",0,3840.23768173561,81,"Male","Ex-smoker"
"SYNTHETIC-001",14.8571428571429,3898.95154031221,81,"Male","Ex-smoker"
"SYNTHETIC-001",29.7142857142857,3673.51772092028,81,"Male","Ex-smoker"
"SYNTHETIC-001",44.5714285714286,3529.68547859614,81,"Male","Ex-smoker"
"SYNTHETIC-001",59.4285714285714,3325.67057767432,81,"Male","Ex-smoker"
"SYNTHETIC-001",74.2857142857143,3268.24718492159,81,"Male","Ex-smoker"
"SYNTHETIC-001",89.1428571428571,3332.35734132063,81,"Male","Ex-smoker"
"SYNTHETIC-001",104,3282.54034607286,81,"Male","Ex-smoker"
"SYNTHETIC-002",0,2616.08436612621,64,"Male","Never smoked"
"SYNTHETIC-002",14.8571428571429,2649.40581078494,64,"Male","Never smoked"
"SYNTHETIC-002",29.7142857142857,2917.4460739032,64,"Male","Never smoked"
"SYNTHETIC-002",44.5714285714286,2690.4679052832,64,"Male","Never smoked"
"SYNTHETIC-002",59.4285714285714,2628.03551290652,64,"Male","Never smoked"
"SYNTHETIC-002",74.2857142857143,2668.97161872564,64,"Male","Never smoked"
"SYNTHETIC-002",89.1428571428571,2615.35490719104,64,"Male","Never smoked"
"SYNTHETIC-002",104,2499.35306225748,64,"Male","Never smoked"
"SYNTHETIC-003",0,3460.90509495785,85,"Male","Currently smokes"
"SYNTHETIC-003",14.8571428571429,3288.33748926673,85,"Male","Currently smokes"
"SYNTHETIC-003",29.7142857142857,3308.70283590004,85,"Male","Currently smokes"
"SYNTHETIC-003",44.5714285714286,3171.64314667276,85,"Male","Currently smokes"
"SYNTHETIC-003",59.4285714285714,3084.86699837022,85,"Male","Currently smokes"
"SYNTHETIC-003",74.2857142857143,2844.12065946586,85,"Male","Currently smokes"
"SYNTHETIC-003",89.1428571428571,2766.25544503842,85,"Male","Currently smokes"
"SYNTHETIC-003",104,2705.13747939439,85,"Male","Currently smokes"
"SYNTHETIC-004",0,3171.88755546399,84,"Male","Ex-smoker"
"SYNTHETIC-004",14.8571428571429,3097.48634353458,84,"Male","Ex-smoker"
"SYNTHETIC-004",29.7142857142857,2884.0633306346,84,"Male","Ex-smoker"
"SYNTHETIC-004",44.5714285714286,3265.16108459752,84,"Male","Ex-smoker"
"SYNTHETIC-004",59.4285714285714,2999.77757630865,84,"Male","Ex-smoker"
"SYNTHETIC-004",74.2857142857143,2861.86951209836,84,"Male","Ex-smoker"
"SYNTHETIC-004",89.1428571428571,2751.13697741373,84,"Male","Ex-smoker"
"SYNTHETIC-004",104,2712.63618082279,84,"Male","Ex-smoker"
"SYNTHETIC-005",0,3600.7444199712,54,"Male","Never smoked"
"SYNTHETIC-005",14.8571428571429,3477.43267401105,54,"Male","Never smoked"
"SYNTHETIC-005",29.7142857142857,3535.05993748261,54,"Male","Never smoked"
"SYNTHETIC-005",44.5714285714286,3273.77931737853,54,"Male","Never smoked"
"SYNTHETIC-005",59.4285714285714,3298.21697061981,54,"Male","Never smoked"
"SYNTHETIC-005",74.2857142857143,3140.26078169816,54,"Male","Never smoked"
"SYNTHETIC-005",89.1428571428571,3366.92987766812,54,"Male","Never smoked"
"SYNTHETIC-005",104,3364.52810972854,54,"Male","Never smoked"
"SYNTHETIC-006",0,4722.77034925808,84,"Male","Currently smokes"
"SYNTHETIC-006",14.8571428571429,4349.3408344208,84,"Male","Currently smokes"
"SYNTHETIC-006",29.7142857142857,4400.64128004306,84,"Male","Currently smokes"
"SYNTHETIC-006",44.5714285714286,4037.90638448606,84,"Male","Currently smokes"
"SYNTHETIC-006",59.4285714285714,4368.74919530506,84,"Male","Currently smokes"
"SYNTHETIC-006",74.2857142857143,4128.18156978551,84,"Male","Currently smokes"
"SYNTHETIC-006",89.1428571428571,3947.64328182374,84,"Male","Currently smokes"
"SYNTHETIC-006",104,3917.67106176215,84,"Male","Currently smokes"
"SYNTHETIC-007",0,3066.75277730295,57,"Male","Ex-smoker"
"SYNTHETIC-007",14.8571428571429,3202.27725234712,57,"Male","Ex-smoker"
"SYNTHETIC-007",29.7142857142857,2935.99578672587,57,"Male","Ex-smoker"
"SYNTHETIC-007",44.5714285714286,2912.08833793568,57,"Male","Ex-smoker"
"SYNTHETIC-007",59.4285714285714,3134.37456233928,57,"Male","Ex-smoker"
"SYNTHETIC-007",74.2857142857143,2637.33121405838,57,"Male","Ex-smoker"
"SYNTHETIC-007",89.1428571428571,2835.85947326549,57,"Male","Ex-smoker"
"SYNTHETIC-007",104,2876.72979521987,57,"Male","Ex-smoker"
"SYNTHETIC-008",0,3239.29285317489,56,"Female","Never smoked"
"SYNTHETIC-008",14.8571428571429,3173.46088295701,56,"Female","Never smoked"
"SYNTHETIC-008",29.7142857142857,3087.72275054691,56,"Female","Never smoked"
"SYNTHETIC-008",44.5714285714286,3119.4118296276,56,"Female","Never smoked"
"SYNTHETIC-008",59.4285714285714,2811.21825338969,56,"Female","Never smoked"
"SYNTHETIC-008",74.2857142857143,2817.5967285584,56,"Female","Never smoked"
"SYNTHETIC-008",89.1428571428571,2797.35044991459,56,"Female","Never smoked"
"SYNTHETIC-008",104,2737.08030714604,56,"Female","Never smoked"
"SYNTHETIC-009",0,3316.49328949136,81,"Male","Currently smokes"
"SYNTHETIC-009",14.8571428571429,3144.44187465702,81,"Male","Currently smokes"
"SYNTHETIC-009",29.7142857142857,3178.67064151234,81,"Male","Currently smokes"
"SYNTHETIC-009",44.5714285714286,3307.99297203474,81,"Male","Currently smokes"
"SYNTHETIC-009",59.4285714285714,3407.65090772346,81,"Male","Currently smokes"
"SYNTHETIC-009",74.2857142857143,3241.42256651697,81,"Male","Currently smokes"
"SYNTHETIC-009",89.1428571428571,2941.70568764353,81,"Male","Currently smokes"
"SYNTHETIC-009",104,3206.89929881808,81,"Male","Currently smokes"
"SYNTHETIC-010",0,2307.528508369,59,"Male","Ex-smoker"
"SYNTHETIC-010",14.8571428571429,2242.63741420077,59,"Male","Ex-smoker"
"SYNTHETIC-010",29.7142857142857,2011.01486687685,59,"Male","Ex-smoker"
"SYNTHETIC-010",44.5714285714286,1861.32921858643,59,"Male","Ex-smoker"
"SYNTHETIC-010",59.4285714285714,1702.8249427983,59,"Male","Ex-smoker"
"SYNTHETIC-010",74.2857142857143,1572.58705106086,59,"Male","Ex-smoker"
"SYNTHETIC-010",89.1428571428571,1333.69840636679,59,"Male","Ex-smoker"
"SYNTHETIC-010",104,1096.01652457679,59,"Male","Ex-smoker"
"SYNTHETIC-011",0,2428.33763855881,68,"Male","Never smoked"
"SYNTHETIC-011",14.8571428571429,2728.31916622873,68,"Male","Never smoked"
"SYNTHETIC-011",29.7142857142857,2421.09017120357,68,"Male","Never smoked"
"SYNTHETIC-011",44.5714285714286,2716.29835086107,68,"Male","Never smoked"
"SYNTHETIC-011",59.4285714285714,2665.96914803216,68,"Male","Never smoked"
"SYNTHETIC-011",74.2857142857143,2788.08760781763,68,"Male","Never smoked"
"SYNTHETIC-011",89.1428571428571,2512.09342045383,68,"Male","Never smoked"
"SYNTHETIC-011",104,2515.32108984045,68,"Male","Never smoked"
"SYNTHETIC-012",0,2808.55329319637,79,"Female","Currently smokes"
"SYNTHETIC-012",14.8571428571429,2884.17943613952,79,"Female","Currently smokes"
"SYNTHETIC-012",29.7142857142857,2648.69479877073,79,"Female","Currently smokes"
"SYNTHETIC-012",44.5714285714286,2963.4712800135,79,"Female","Currently smokes"
"SYNTHETIC-012",59.4285714285714,2874.87601702515,79,"Female","Currently smokes"
"SYNTHETIC-012",74.2857142857143,2650.80358135592,79,"Female","Currently smokes"
"SYNTHETIC-012",89.1428571428571,2787.5718506685,79,"Female","Currently smokes"
"SYNTHETIC-012",104,2691.49157279576,79,"Female","Currently smokes"
"SYNTHETIC-013",0,3557.09575305784,79,"Male","Ex-smoker"
"SYNTHETIC-013",14.8571428571429,3518.08837263996,79,"Male","Ex-smoker"
"SYNTHETIC-013",29.7142857142857,3625.46807336636,79,"Male","Ex-smoker"
"SYNTHETIC-013",44.5714285714286,3548.76330983004,79,"Male","Ex-smoker"
"SYNTHETIC-013",59.4285714285714,3198.14173703764,79,"Male","Ex-smoker"
"SYNTHETIC-013",74.2857142857143,3250.02689285639,79,"Male","Ex-smoker"
"SYNTHETIC-013",89.1428571428571,3333.02335106789,79,"Male","Ex-smoker"
"SYNTHETIC-013",104,3319.6896096363,79,"Male","Ex-smoker"
"SYNTHETIC-014",0,2571.07354299485,71,"Female","Never smoked"
"SYNTHETIC-014",14.8571428571429,2582.49999094466,71,"Female","Never smoked"
"SYNTHETIC-014",29.7142857142857,2526.28077259471,71,"Female","Never smoked"
"SYNTHETIC-014",44.5714285714286,2512.15696487456,71,"Female","Never smoked"
"SYNTHETIC-014",59.4285714285714,2564.31670984547,71,"Female","Never smoked"
"SYNTHETIC-014",74.2857142857143,2451.622091362,71,"Female","Never smoked"
"SYNTHETIC-014",89.1428571428571,2357.77074856813,71,"Female","Never smoked"
"SYNTHETIC-014",104,2425.31275706964,71,"Female","Never smoked"
"SYNTHETIC-015",0,3508.51879320783,76,"Male","Currently smokes"
"SYNTHETIC-015",14.8571428571429,3443.40844465279,76,"Male","Currently smokes"
"SYNTHETIC-015",29.7142857142857,3432.14210602597,76,"Male","Currently smokes"
"SYNTHETIC-015",44.5714285714286,3240.10602583547,76,"Male","Currently smokes"
"SYNTHETIC-015",59.4285714285714,3636.19024396294,76,"Male","Currently smokes"
"SYNTHETIC-015",74.2857142857143,3470.45270016891,76,"Male","Currently smokes"
"SYNTHETIC-015",89.1428571428571,3504.12833000479,76,"Male","Currently smokes"
"SYNTHETIC-015",104,3528.83127445278,76,"Male","Currently smokes"
