"model","time_week","profile","mean","lower95","upper95"
"P",-5,"cohort_standardized",2746.4723983148,2670.14913958444,2824.96958324238
"P",-3,"cohort_standardized",2743.47216437173,2669.79895462634,2818.66253122292
"P",-1,"cohort_standardized",2740.47193042867,2670.07453110118,2812.43590952309
"P",1,"cohort_standardized",2737.47169648562,2669.74360799327,2806.76978404222
"P",3,"cohort_standardized",2734.47146254255,2669.61273841973,2800.89219050907
"P",5,"cohort_standardized",2731.47122859951,2669.34303704335,2795.35946563539
"P",7,"cohort_standardized",2728.47099465644,2668.78434113012,2789.14850305419
"P",9,"cohort_standardized",2725.47076071338,2668.20350763861,2783.46936431948
"P",11,"cohort_standardized",2722.4705267703,2667.7060242452,2778.12856385727
"P",13,"cohort_standardized",2719.47029282725,2666.87665573534,2772.69235564387
"P",15,"cohort_standardized",2716.47005888421,2665.62789862479,2767.83750164298
"P",17,"cohort_standardized",2713.46982494113,2664.22620078237,2762.49450241468
"P",19,"cohort_standardized",2710.46959099807,2662.87222344752,2757.84412910124
"P",21,"cohort_standardized",2707.46935705501,2661.45332009374,2753.300519001
"P",23,"cohort_standardized",2704.46912311196,2659.90708837468,2748.92735684627
"P",25,"cohort_standardized",2701.4688891689,2657.97874593176,2744.48464821504
"P",27,"cohort_standardized",2698.46865522583,2656.22720759581,2740.39538784977
"P",29,"cohort_standardized",2695.46842128279,2653.67608121222,2736.63401273233
"P",31,"cohort_standardized",2692.46818733973,2651.40428297494,2733.36216898678
"P",33,"cohort_standardized",2689.46795339667,2648.47494769568,2730.37121794191
"P",35,"cohort_standardized",2686.46771945359,2645.20950321854,2727.73804385148
"P",37,"cohort_standardized",2683.46748551053,2641.56560974698,2725.28992736926
"P",39,"cohort_standardized",2680.46725156747,2637.92862060629,2723.524441923
"P",41,"cohort_standardized",2677.46701762442,2633.89395611178,2721.50986194587
"P",43,"cohort_standardized",2674.46678368135,2629.81439266009,2719.92125889348
"P",45,"cohort_standardized",2671.4665497383,2625.33867136042,2718.18485778896
"P",47,"cohort_standardized",2668.46631579524,2620.70096763174,2717.29431960228
"P",49,"cohort_standardized",2665.46608185218,2616.0508950162,2716.56589320596
"P",51,"cohort_standardized",2662.46584790914,2610.8256883374,2715.59778621906
"P",53,"cohort_standardized",2659.46561396606,2605.28676144299,2714.90453269935
"P",55,"cohort_standardized",2656.465380023,2599.72597998195,2714.50639826008
"P",57,"cohort_standardized",2653.46514607993,2594.23891634842,2713.8546843992
"P",59,"cohort_standardized",2650.46491213687,2588.53918215985,2713.65569853643
"P",61,"cohort_standardized",2647.46467819383,2582.76702946218,2713.35493020963
"P",63,"cohort_standardized",2644.46444425077,2576.88672674631,2713.21088209558
"P",65,"cohort_standardized",2641.4642103077,2570.89448477466,2713.26184250946
"P",67,"cohort_standardized",2638.46397636463,2565.09203465705,2712.96896079134
"P",69,"cohort_standardized",2635.46374242159,2559.24674957458,2712.5328659275
"P",71,"cohort_standardized",2632.46350847851,2553.52441476711,2712.22844545607
"P",73,"cohort_standardized",2629.46327453547,2547.44970216503,2712.49378304815
"P",75,"cohort_standardized",2626.46304059239,2541.09957869092,2712.40078293913
"P",77,"cohort_standardized",2623.46280664934,2535.19070096313,2712.58414776865
"P",79,"cohort_standardized",2620.46257270628,2529.00778280638,2712.55063986232
"P",81,"cohort_standardized",2617.46233876322,2522.99461803538,2712.47251748212
"P",83,"cohort_standardized",2614.46210482017,2516.86020644932,2712.78574775435
"P",85,"cohort_standardized",2611.46187087711,2510.46874460875,2712.73833619417
"P",87,"cohort_standardized",2608.46163693404,2504.00074726955,2713.10021722336
"P",89,"cohort_standardized",2605.46140299099,2498.01026521759,2713.23077139985
"P",91,"cohort_standardized",2602.46116904793,2491.69227307747,2713.24803268278
"P",93,"cohort_standardized",2599.46093510485,2485.55510308555,2713.53542719395
"P",95,"cohort_standardized",2596.4607011618,2479.11886584142,2713.64936825153
"P",97,"cohort_standardized",2593.46046721875,2472.50851578391,2714.04512000398
"P",99,"cohort_standardized",2590.46023327568,2466.16066203707,2714.67831231159
"P",101,"cohort_standardized",2587.45999933263,2459.7795600591,2715.10584343665
"P",103,"cohort_standardized",2584.45976538956,2453.35352839331,2715.40163942854
"P",105,"cohort_standardized",2581.4595314465,2446.9372992055,2715.8951430778
"P",107,"cohort_standardized",2578.45929750344,2440.35755517672,2716.47256392779
"P",109,"cohort_standardized",2575.45906356038,2433.79221166339,2716.62642090256
"P",111,"cohort_standardized",2572.45882961734,2427.36904282674,2716.82388746031
"P",113,"cohort_standardized",2569.45859567427,2420.9961118574,2717.02788902298
"P",115,"cohort_standardized",2566.45836173121,2414.47535813068,2717.068887475
"P",117,"cohort_standardized",2563.45812778814,2408.28298492353,2717.43288914419
"P",119,"cohort_standardized",2560.45789384508,2401.69110678985,2717.7808265276
"P",121,"cohort_standardized",2557.45765990203,2395.44646274013,2718.20960191944
"P",123,"cohort_standardized",2554.45742595897,2389.01306354158,2718.54634289119
"P",125,"cohort_standardized",2551.45719201589,2382.57783819245,2718.95375377632
"P",127,"cohort_standardized",2548.45695807284,2375.91723112158,2719.30287875057
"P",129,"cohort_standardized",2545.45672412979,2369.55785155733,2719.88141503071
"P",131,"cohort_standardized",2542.45649018673,2362.83910899603,2720.50299951839
"P",133,"cohort_standardized",2539.45625624367,2355.80238665824,2721.01897259322
"H",-5,"cohort_standardized",2829.76526283641,2705.97454313858,2949.87568163099
"H",-3,"cohort_standardized",2821.26957665889,2697.6420786434,2940.74587808606
"H",-1,"cohort_standardized",2812.77389048137,2689.37543312724,2932.19677373944
"H",1,"cohort_standardized",2804.27820430383,2681.46261595373,2923.74225958056
"H",3,"cohort_standardized",2795.78251812631,2673.26646023225,2914.9846984065
"H",5,"cohort_standardized",2787.28683194879,2664.90675435094,2906.41603151615
"H",7,"cohort_standardized",2778.79114577127,2656.89908728833,2897.46691463777
"H",9,"cohort_standardized",2770.29545959373,2648.97943076757,2888.38711926881
"H",11,"cohort_standardized",2761.7997734162,2640.97502841138,2879.76172750163
"H",13,"cohort_standardized",2753.30408723868,2633.10070517657,2871.56248891128
"H",15,"cohort_standardized",2744.80840106116,2624.63472143201,2862.76872400985
"H",17,"cohort_standardized",2736.31271488364,2616.30837669405,2853.97826885774
"H",19,"cohort_standardized",2727.8170287061,2607.95079688497,2845.15428610967
"H",21,"cohort_standardized",2719.32134252861,2599.57226092233,2836.66976514063
"H",23,"cohort_standardized",2710.82565635106,2591.57984407685,2827.84734748795
"H",25,"cohort_standardized",2702.32997017355,2583.20632206429,2818.77060546215
"H",27,"cohort_standardized",2693.83428399601,2574.86555969527,2810.34556202569
"H",29,"cohort_standardized",2685.33859781849,2566.48202333008,2801.86199773638
"H",31,"cohort_standardized",2676.84291164098,2558.08470680446,2792.75967347178
"H",33,"cohort_standardized",2668.34722546344,2549.56264124698,2784.60529284367
"H",35,"cohort_standardized",2659.85153928592,2540.83346819232,2776.16851847986
"H",37,"cohort_standardized",2651.35585310838,2532.52765073917,2767.44295030439
"H",39,"cohort_standardized",2642.86016693087,2523.77785752643,2759.1394847859
"H",41,"cohort_standardized",2634.36448075335,2515.15208589182,2750.86851196167
"H",43,"cohort_standardized",2625.86879457582,2506.43646824671,2742.43791955906
"H",45,"cohort_standardized",2617.3731083983,2498.08029655791,2734.23609493411
"H",47,"cohort_standardized",2608.87742222078,2489.17362155407,2726.04378122836
"H",49,"cohort_standardized",2600.38173604326,2480.46773281916,2717.8357783881
"H",51,"cohort_standardized",2591.88604986573,2471.45171014566,2709.64648021507
"H",53,"cohort_standardized",2583.39036368819,2462.53889433319,2701.68376208305
"H",55,"cohort_standardized",2574.89467751068,2454.1186542716,2693.18012403227
"H",57,"cohort_standardized",2566.39899133316,2445.03668929936,2685.69909094682
"H",59,"cohort_standardized",2557.90330515562,2436.31826056855,2677.55684594361
"H",61,"cohort_standardized",2549.40761897811,2427.73520442231,2669.33263108087
"H",63,"cohort_standardized",2540.91193280057,2418.61077119267,2660.91953343133
"H",65,"cohort_standardized",2532.41624662305,2409.5098868755,2652.89751695776
"H",67,"cohort_standardized",2523.92056044553,2400.59465118375,2645.32579428057
"H",69,"cohort_standardized",2515.42487426801,2391.63493506663,2637.18166382357
"H",71,"cohort_standardized",2506.92918809049,2382.69687864637,2629.32874953962
"H",73,"cohort_standardized",2498.43350191295,2373.8702767021,2621.6412539158
"H",75,"cohort_standardized",2489.93781573543,2365.12999769178,2613.62107323041
"H",77,"cohort_standardized",2481.44212955791,2356.12971431884,2605.82815778293
"H",79,"cohort_standardized",2472.94644338039,2347.41119265225,2597.94155394234
"H",81,"cohort_standardized",2464.45075720287,2337.96318032679,2590.37982375034
"H",83,"cohort_standardized",2455.95507102534,2328.81603106867,2582.36105861725
"H",85,"cohort_standardized",2447.45938484783,2319.60673185357,2574.98175702491
"H",87,"cohort_standardized",2438.96369867028,2310.17317709714,2567.20510551429
"H",89,"cohort_standardized",2430.46801249277,2300.87487791391,2559.50391581744
"H",91,"cohort_standardized",2421.97232631524,2291.77450205133,2551.99177584174
"H",93,"cohort_standardized",2413.47664013773,2282.45591777692,2544.64873262727
"H",95,"cohort_standardized",2404.98095396019,2273.02783743151,2536.89705313935
"H",97,"cohort_standardized",2396.48526778267,2263.60441675751,2529.07422351936
"H",99,"cohort_standardized",2387.98958160515,2254.38926596182,2521.22232127603
"H",101,"cohort_standardized",2379.49389542762,2245.38282679388,2513.73649175252
"H",103,"cohort_standardized",2370.9982092501,2235.7512324575,2505.82481384251
"H",105,"cohort_standardized",2362.50252307256,2226.25292214547,2498.05239276822
"H",107,"cohort_standardized",2354.00683689505,2217.12525279535,2490.22727760826
"H",109,"cohort_standardized",2345.51115071752,2207.8090666765,2482.56368815628
"H",111,"cohort_standardized",2337.01546454,2198.41916642279,2474.67558451594
"H",113,"cohort_standardized",2328.51977836246,2189.18005528988,2467.19292487562
"H",115,"cohort_standardized",2320.02409218494,2179.42196231126,2459.39750556808
"H",117,"cohort_standardized",2311.52840600742,2170.11415145689,2451.91950588797
"H",119,"cohort_standardized",2303.0327198299,2160.67410334482,2444.78672302583
"H",121,"cohort_standardized",2294.53703365238,2151.01180898577,2437.31889217292
"H",123,"cohort_standardized",2286.04134747486,2141.60660852136,2429.57179312673
"H",125,"cohort_standardized",2277.54566129733,2132.02107435959,2422.322594713
"H",127,"cohort_standardized",2269.04997511981,2122.32541627017,2414.61860303787
"H",129,"cohort_standardized",2260.55428894229,2112.73560084067,2407.24798481865
"H",131,"cohort_standardized",2252.05860276476,2103.14549584772,2399.98811398907
"H",133,"cohort_standardized",2243.56291658723,2093.17948144655,2392.38348492785
"C",-5,"cohort_standardized",2832.50579669345,2723.04412632808,2937.47369607917
"C",-3,"cohort_standardized",2824.04265416264,2714.90866554269,2928.73557690299
"C",-1,"cohort_standardized",2815.5795116318,2707.05118720484,2919.7329474638
"C",1,"cohort_standardized",2807.11636910098,2698.91848233163,2910.94549774013
"C",3,"cohort_standardized",2798.65322657017,2690.89498651545,2902.18207860803
"C",5,"cohort_standardized",2790.19008403932,2682.82324345877,2893.38648898339
"C",7,"cohort_standardized",2781.7269415085,2674.57092216499,2884.52933203974
"C",9,"cohort_standardized",2773.26379897768,2666.54456189184,2875.67272348396
"C",11,"cohort_standardized",2764.80065644686,2657.82410358162,2866.84999013301
"C",13,"cohort_standardized",2756.33751391603,2649.6402474456,2857.9961814685
"C",15,"cohort_standardized",2747.87437138521,2641.09533205999,2849.5913714149
"C",17,"cohort_standardized",2739.41122885439,2632.8139231179,2841.23206987285
"C",19,"cohort_standardized",2730.94808632356,2624.43901935031,2832.49282530945
"C",21,"cohort_standardized",2722.48494379272,2615.92364034819,2823.83876424723
"C",23,"cohort_standardized",2714.02180126189,2607.51478845618,2815.33925392682
"C",25,"cohort_standardized",2705.55865873107,2598.9632674284,2807.01142708264
"C",27,"cohort_standardized",2697.09551620026,2590.32408919684,2798.66366060063
"C",29,"cohort_standardized",2688.63237366946,2581.56476147431,2789.97593226466
"C",31,"cohort_standardized",2680.16923113862,2572.81682406343,2781.6237671697
"C",33,"cohort_standardized",2671.70608860778,2564.10619392988,2773.3854337371
"C",35,"cohort_standardized",2663.24294607695,2555.72216417785,2765.14005772035
"C",37,"cohort_standardized",2654.77980354613,2547.11938260656,2756.60236574038
"C",39,"cohort_standardized",2646.3166610153,2538.53497414074,2748.35002901764
"C",41,"cohort_standardized",2637.85351848449,2530.08143725444,2740.09649389577
"C",43,"cohort_standardized",2629.39037595366,2521.49355925811,2731.80708226893
"C",45,"cohort_standardized",2620.92723342284,2512.81068961419,2723.78646535967
"C",47,"cohort_standardized",2612.46409089202,2504.07606323321,2715.59986971439
"C",49,"cohort_standardized",2604.00094836117,2495.35545049017,2707.49671307718
"C",51,"cohort_standardized",2595.53780583037,2486.57265028708,2699.37082667981
"C",53,"cohort_standardized",2587.07466329952,2477.79538466391,2691.55659469714
"C",55,"cohort_standardized",2578.6115207687,2469.31235724564,2683.43456330272
"C",57,"cohort_standardized",2570.14837823789,2460.52212906083,2675.44063706496
"C",59,"cohort_standardized",2561.68523570706,2451.68455508162,2667.45001107434
"C",61,"cohort_standardized",2553.22209317624,2442.63908619718,2659.44795747623
"C",63,"cohort_standardized",2544.75895064541,2433.46483990305,2651.54600350361
"C",65,"cohort_standardized",2536.29580811458,2424.62261983494,2643.43158232461
"C",67,"cohort_standardized",2527.83266558377,2415.65415574786,2635.578265557
"C",69,"cohort_standardized",2519.36952305295,2406.7343561724,2627.58622693697
"C",71,"cohort_standardized",2510.90638052213,2397.58728499381,2619.76934725436
"C",73,"cohort_standardized",2502.44323799129,2388.35663828447,2611.67617206413
"C",75,"cohort_standardized",2493.98009546046,2379.24962484898,2604.01457932344
"C",77,"cohort_standardized",2485.51695292962,2370.02497445441,2596.27355263625
"C",79,"cohort_standardized",2477.0538103988,2361.02675144667,2588.40863635375
"C",81,"cohort_standardized",2468.59066786798,2351.84857925979,2580.51580795825
"C",83,"cohort_standardized",2460.12752533716,2342.74366803794,2573.03311086547
"C",85,"cohort_standardized",2451.66438280635,2333.50676890621,2565.46261513759
"C",87,"cohort_standardized",2443.20124027552,2324.09768947402,2557.71489896807
"C",89,"cohort_standardized",2434.73809774469,2314.78915989542,2549.90043065058
"C",91,"cohort_standardized",2426.27495521387,2305.30276838089,2542.1744283317
"C",93,"cohort_standardized",2417.81181268304,2296.07221981194,2534.47078759254
"C",95,"cohort_standardized",2409.34867015222,2286.44412461892,2526.83303477876
"C",97,"cohort_standardized",2400.8855276214,2277.06131723175,2519.14675125749
"C",99,"cohort_standardized",2392.42238509058,2267.4372162451,2511.465587024
"C",101,"cohort_standardized",2383.95924255975,2258.04775750261,2503.8060427959
"C",103,"cohort_standardized",2375.49610002893,2248.6761627671,2496.58878234433
"C",105,"cohort_standardized",2367.0329574981,2239.48115350332,2488.94301646323
"C",107,"cohort_standardized",2358.56981496727,2230.16014557378,2481.49837055519
"C",109,"cohort_standardized",2350.10667243646,2220.73307441656,2474.0740307348
"C",111,"cohort_standardized",2341.64352990562,2211.02910906299,2466.51348452462
"C",113,"cohort_standardized",2333.18038737481,2201.75277730211,2459.24921342091
"C",115,"cohort_standardized",2324.71724484397,2192.18812989358,2452.21596914114
"C",117,"cohort_standardized",2316.25410231316,2182.76261650354,2444.74868080597
"C",119,"cohort_standardized",2307.79095978232,2173.24327427537,2437.51174791764
"C",121,"cohort_standardized",2299.32781725151,2163.64888445633,2430.1862953153
"C",123,"cohort_standardized",2290.86467472068,2154.22970900797,2423.01943822074
"C",125,"cohort_standardized",2282.40153218983,2144.61875210848,2415.59993064229
"C",127,"cohort_standardized",2273.93838965902,2134.89851093537,2408.12925118243
"C",129,"cohort_standardized",2265.4752471282,2125.06664663452,2400.81587297815
"C",131,"cohort_standardized",2257.01210459738,2115.53366293262,2393.50244935279
"C",133,"cohort_standardized",2248.54896206656,2105.77247463523,2386.24645018377
"C",-5,"female_ex_smoker_age65",2087.050870905,1796.98592374251,2370.56291581424
"C",-3,"female_ex_smoker_age65",2079.5519896138,1789.66499101926,2362.09371561858
"C",-1,"female_ex_smoker_age65",2072.05310832256,1782.63914652816,2354.46569179928
"C",1,"female_ex_smoker_age65",2064.55422703132,1775.11612847517,2346.04672931688
"C",3,"female_ex_smoker_age65",2057.0553457401,1767.37113907673,2337.43690820197
"C",5,"female_ex_smoker_age65",2049.55646444885,1760.43897373836,2329.36401453048
"C",7,"female_ex_smoker_age65",2042.05758315763,1753.0702285674,2321.39612131894
"C",9,"female_ex_smoker_age65",2034.5587018664,1745.310470523,2314.02943501237
"C",11,"female_ex_smoker_age65",2027.05982057517,1738.4870020866,2305.85964588978
"C",13,"female_ex_smoker_age65",2019.56093928394,1730.38477612394,2297.89910928354
"C",15,"female_ex_smoker_age65",2012.06205799271,1723.52885823809,2290.03519677501
"C",17,"female_ex_smoker_age65",2004.56317670148,1716.35515627291,2282.0038849521
"C",19,"female_ex_smoker_age65",1997.06429541025,1708.50703022558,2274.22014373828
"C",21,"female_ex_smoker_age65",1989.56541411903,1701.75761559711,2266.70386952966
"C",23,"female_ex_smoker_age65",1982.0665328278,1694.27853397267,2258.98246815311
"C",25,"female_ex_smoker_age65",1974.56765153656,1685.9304463529,2251.68678166078
"C",27,"female_ex_smoker_age65",1967.06877024533,1678.64369607282,2243.91169541598
"C",29,"female_ex_smoker_age65",1959.56988895411,1670.71027080276,2236.7944262911
"C",31,"female_ex_smoker_age65",1952.07100766288,1663.1577179412,2230.02598490039
"C",33,"female_ex_smoker_age65",1944.57212637165,1655.80786961831,2223.13227185669
"C",35,"female_ex_smoker_age65",1937.07324508039,1647.47230015389,2216.12403420585
"C",37,"female_ex_smoker_age65",1929.57436378917,1639.2218127048,2209.7079104136
"C",39,"female_ex_smoker_age65",1922.07548249795,1631.63306139082,2202.69700738899
"C",41,"female_ex_smoker_age65",1914.57660120672,1623.27738192804,2196.5317347673
"C",43,"female_ex_smoker_age65",1907.07771991549,1615.63612583734,2189.87019421642
"C",45,"female_ex_smoker_age65",1899.57883862427,1607.43385085173,2183.54812022427
"C",47,"female_ex_smoker_age65",1892.07995733302,1598.01633996441,2176.37103016932
"C",49,"female_ex_smoker_age65",1884.5810760418,1589.0472154998,2170.38865790749
"C",51,"female_ex_smoker_age65",1877.08219475056,1581.15262341807,2163.66161657592
"C",53,"female_ex_smoker_age65",1869.58331345934,1572.57934012121,2157.64915846937
"C",55,"female_ex_smoker_age65",1862.08443216811,1563.8850634242,2151.14741928275
"C",57,"female_ex_smoker_age65",1854.58555087688,1556.28304864636,2144.61831483803
"C",59,"female_ex_smoker_age65",1847.08666958566,1547.28467827487,2137.88596670082
"C",61,"female_ex_smoker_age65",1839.58778829443,1538.54506382504,2131.69767266986
"C",63,"female_ex_smoker_age65",1832.08890700319,1530.58763317244,2126.18480066818
"C",65,"female_ex_smoker_age65",1824.59002571197,1522.06298601761,2119.79783345095
"C",67,"female_ex_smoker_age65",1817.09114442072,1513.61266090471,2113.76467735115
"C",69,"female_ex_smoker_age65",1809.59226312951,1504.90835664437,2108.38039168871
"C",71,"female_ex_smoker_age65",1802.09338183826,1495.424918712,2102.73015147769
"C",73,"female_ex_smoker_age65",1794.59450054705,1486.00327071101,2096.9368085181
"C",75,"female_ex_smoker_age65",1787.09561925581,1476.54530336908,2090.62545241497
"C",77,"female_ex_smoker_age65",1779.59673796457,1466.71075842906,2085.28733365597
"C",79,"female_ex_smoker_age65",1772.09785667334,1457.87014030601,2079.04434610166
"C",81,"female_ex_smoker_age65",1764.59897538212,1448.92771929588,2073.41293897833
"C",83,"female_ex_smoker_age65",1757.10009409088,1439.01864594106,2067.22597260588
"C",85,"female_ex_smoker_age65",1749.60121279966,1429.67543741374,2061.05264404516
"C",87,"female_ex_smoker_age65",1742.10233150842,1420.82786366345,2055.09342774719
"C",89,"female_ex_smoker_age65",1734.60345021721,1411.04053012733,2050.39556519737
"C",91,"female_ex_smoker_age65",1727.10456892597,1401.58316593724,2044.99245632387
"C",93,"female_ex_smoker_age65",1719.60568763472,1392.01609990664,2039.73215668276
"C",95,"female_ex_smoker_age65",1712.1068063435,1382.94981707676,2034.11633283208
"C",97,"female_ex_smoker_age65",1704.60792505227,1373.74765043739,2029.1410582295
"C",99,"female_ex_smoker_age65",1697.10904376105,1364.333608657,2023.7590287012
"C",101,"female_ex_smoker_age65",1689.61016246982,1354.63379350431,2019.22946014173
"C",103,"female_ex_smoker_age65",1682.11128117859,1345.88229083828,2015.04537526141
"C",105,"female_ex_smoker_age65",1674.61239988735,1335.54381742392,2009.39249068673
"C",107,"female_ex_smoker_age65",1667.11351859612,1325.03041245909,2004.07381677632
"C",109,"female_ex_smoker_age65",1659.61463730489,1314.87155703973,1999.48908943331
"C",111,"female_ex_smoker_age65",1652.11575601366,1305.25966105354,1994.83043210104
"C",113,"female_ex_smoker_age65",1644.61687472244,1293.74918155639,1989.88132007859
"C",115,"female_ex_smoker_age65",1637.11799343121,1283.10488983976,1985.22600491073
"C",117,"female_ex_smoker_age65",1629.61911213997,1273.19857139473,1980.80791999328
"C",119,"female_ex_smoker_age65",1622.12023084875,1263.3151721879,1976.04663904163
"C",121,"female_ex_smoker_age65",1614.62134955752,1253.57409385398,1971.391916591
"C",123,"female_ex_smoker_age65",1607.12246826629,1243.26398137882,1966.38999433783
"C",125,"female_ex_smoker_age65",1599.62358697504,1232.30478750657,1961.42733426431
"C",127,"female_ex_smoker_age65",1592.12470568381,1222.37470361533,1957.28095630235
"C",129,"female_ex_smoker_age65",1584.62582439259,1211.61858000296,1952.70987137533
"C",131,"female_ex_smoker_age65",1577.12694310137,1202.06513555211,1948.87176950076
"C",133,"female_ex_smoker_age65",1569.62806181014,1191.33122102629,1943.96315244039
"C",-5,"male_ex_smoker_age65",3085.01308560268,2941.12354203235,3222.54475533776
"C",-3,"male_ex_smoker_age65",3075.0530048541,2931.51194435877,3212.24687279363
"C",-1,"male_ex_smoker_age65",3065.09292410552,2922.02484481479,3201.49129050657
"C",1,"male_ex_smoker_age65",3055.13284335694,2912.40240658484,3191.47663580329
"C",3,"male_ex_smoker_age65",3045.17276260839,2902.90138001612,3180.93783382809
"C",5,"male_ex_smoker_age65",3035.2126818598,2893.41691536938,3170.5201079284
"C",7,"male_ex_smoker_age65",3025.25260111123,2883.72239700404,3160.16199084604
"C",9,"male_ex_smoker_age65",3015.29252036266,2873.82599500659,3150.06071181512
"C",11,"male_ex_smoker_age65",3005.33243961411,2864.15939221021,3140.00848423986
"C",13,"male_ex_smoker_age65",2995.37235886552,2854.50570486542,3129.7675339443
"C",15,"male_ex_smoker_age65",2985.41227811694,2844.60403394038,3119.75079246863
"C",17,"male_ex_smoker_age65",2975.45219736839,2834.62150455728,3109.88175328015
"C",19,"male_ex_smoker_age65",2965.4921166198,2824.86120276391,3099.88362933249
"C",21,"male_ex_smoker_age65",2955.53203587122,2815.03679276455,3089.63495928781
"C",23,"male_ex_smoker_age65",2945.57195512265,2805.30599763613,3079.38059622272
"C",25,"male_ex_smoker_age65",2935.61187437409,2795.23253410496,3069.59577738061
"C",27,"male_ex_smoker_age65",2925.65179362549,2785.20430003521,3059.39913154215
"C",29,"male_ex_smoker_age65",2915.69171287695,2775.17839935792,3049.54123097421
"C",31,"male_ex_smoker_age65",2905.73163212836,2765.30900432918,3039.47593671367
"C",33,"male_ex_smoker_age65",2895.77155137979,2755.34564295888,3029.30559931134
"C",35,"male_ex_smoker_age65",2885.81147063123,2745.3157719975,3019.51682933706
"C",37,"male_ex_smoker_age65",2875.85138988265,2735.28775061948,3009.76780968571
"C",39,"male_ex_smoker_age65",2865.89130913409,2725.03775081531,2999.8825896295
"C",41,"male_ex_smoker_age65",2855.93122838552,2715.17867335336,2990.20241769975
"C",43,"male_ex_smoker_age65",2845.97114763693,2705.07297323395,2980.79548845627
"C",45,"male_ex_smoker_age65",2836.01106688837,2694.85159736446,2971.32730894495
"C",47,"male_ex_smoker_age65",2826.05098613977,2684.11910820356,2961.6753685922
"C",49,"male_ex_smoker_age65",2816.09090539119,2673.75194674212,2951.8456125125
"C",51,"male_ex_smoker_age65",2806.13082464266,2663.45280018861,2942.33672546961
"C",53,"male_ex_smoker_age65",2796.17074389407,2653.23135461677,2932.91658013791
"C",55,"male_ex_smoker_age65",2786.21066314548,2642.75601532985,2923.51800988165
"C",57,"male_ex_smoker_age65",2776.2505823969,2632.31754710772,2914.20657880391
"C",59,"male_ex_smoker_age65",2766.29050164834,2621.90938712049,2904.84898768257
"C",61,"male_ex_smoker_age65",2756.33042089981,2611.4873614683,2895.57146666127
"C",63,"male_ex_smoker_age65",2746.37034015121,2601.01849654971,2886.58055373145
"C",65,"male_ex_smoker_age65",2736.41025940262,2590.5193574346,2877.15694827323
"C",67,"male_ex_smoker_age65",2726.45017865407,2579.76862132717,2867.30031125518
"C",69,"male_ex_smoker_age65",2716.49009790548,2569.05086710095,2858.14302053702
"C",71,"male_ex_smoker_age65",2706.53001715692,2558.41333090685,2848.93085090847
"C",73,"male_ex_smoker_age65",2696.56993640833,2547.8064347286,2839.59845840656
"C",75,"male_ex_smoker_age65",2686.60985565978,2537.30312376234,2830.27840310396
"C",77,"male_ex_smoker_age65",2676.64977491119,2526.414759042,2820.92770442619
"C",79,"male_ex_smoker_age65",2666.68969416261,2515.3466889372,2811.8946950297
"C",81,"male_ex_smoker_age65",2656.72961341404,2504.62125810721,2802.73274342132
"C",83,"male_ex_smoker_age65",2646.76953266547,2493.58443061619,2793.60279282658
"C",85,"male_ex_smoker_age65",2636.80945191691,2482.99894277263,2784.66552879875
"C",87,"male_ex_smoker_age65",2626.84937116832,2472.03295885222,2775.82323120366
"C",89,"male_ex_smoker_age65",2616.88929041974,2460.99076792005,2766.28902517769
"C",91,"male_ex_smoker_age65",2606.92920967118,2449.89715416768,2757.08689277515
"C",93,"male_ex_smoker_age65",2596.9691289226,2438.87224463187,2747.82883862034
"C",95,"male_ex_smoker_age65",2587.00904817404,2427.54472105417,2738.99166554351
"C",97,"male_ex_smoker_age65",2577.04896742547,2416.49136120078,2730.02020710888
"C",99,"male_ex_smoker_age65",2567.08888667689,2405.71806713866,2721.30532371496
"C",101,"male_ex_smoker_age65",2557.12880592832,2394.88218476471,2712.96654641662
"C",103,"male_ex_smoker_age65",2547.16872517974,2383.73672750831,2704.27293196059
"C",105,"male_ex_smoker_age65",2537.20864443116,2372.21050894301,2695.47562653916
"C",107,"male_ex_smoker_age65",2527.2485636826,2361.24258598847,2686.83867524141
"C",109,"male_ex_smoker_age65",2517.28848293401,2350.0517523812,2678.29914196022
"C",111,"male_ex_smoker_age65",2507.32840218543,2338.92403490013,2669.85017836134
"C",113,"male_ex_smoker_age65",2497.36832143688,2327.42061545141,2661.11894525917
"C",115,"male_ex_smoker_age65",2487.40824068831,2316.51533481179,2652.84065922446
"C",117,"male_ex_smoker_age65",2477.44815993974,2305.54358824966,2644.5066625728
"C",119,"male_ex_smoker_age65",2467.48807919116,2294.14408939153,2636.04330316115
"C",121,"male_ex_smoker_age65",2457.52799844259,2282.89025248951,2627.69987539187
"C",123,"male_ex_smoker_age65",2447.567917694,2272.01109238336,2619.59267961714
"C",125,"male_ex_smoker_age65",2437.60783694544,2260.50683903587,2610.93182736518
"C",127,"male_ex_smoker_age65",2427.64775619686,2249.07085649701,2602.35880283627
"C",129,"male_ex_smoker_age65",2417.6876754483,2237.87959071078,2593.65497279038
"C",131,"male_ex_smoker_age65",2407.72759469971,2226.56182466997,2584.97393582131
"C",133,"male_ex_smoker_age65",2397.76751395114,2215.27766558825,2576.35098905393
"C",-5,"female_never_smoker_age65",2021.83425442602,1760.92568077152,2281.99151419716
"C",-3,"female_never_smoker_age65",2013.8364115937,1753.66292967629,2274.06826055076
"C",-1,"female_never_smoker_age65",2005.83856876133,1746.60349455879,2265.05478716888
"C",1,"female_never_smoker_age65",1997.840725929,1739.85249897031,2256.48614822959
"C",3,"female_never_smoker_age65",1989.84288309665,1732.33660434548,2247.56446635171
"C",5,"female_never_smoker_age65",1981.84504026432,1724.69562140161,2239.19466832114
"C",7,"female_never_smoker_age65",1973.84719743194,1717.70432807006,2229.98553630039
"C",9,"female_never_smoker_age65",1965.84935459962,1709.47668274664,2221.33285409539
"C",11,"female_never_smoker_age65",1957.85151176728,1702.48480003415,2213.21225965496
"C",13,"female_never_smoker_age65",1949.85366893493,1694.67357555758,2204.9884476354
"C",15,"female_never_smoker_age65",1941.85582610259,1686.70782815603,2196.76925870854
"C",17,"female_never_smoker_age65",1933.85798327025,1679.78518498088,2188.29766531832
"C",19,"female_never_smoker_age65",1925.86014043789,1672.09877100211,2180.94687123412
"C",21,"female_never_smoker_age65",1917.86229760556,1664.79410597386,2173.25512565776
"C",23,"female_never_smoker_age65",1909.86445477322,1657.09410150856,2165.52545639307
"C",25,"female_never_smoker_age65",1901.86661194086,1649.88001369744,2157.43025845202
"C",27,"female_never_smoker_age65",1893.86876910852,1641.94386459314,2150.556701427
"C",29,"female_never_smoker_age65",1885.87092627617,1633.98750300656,2142.5346083027
"C",31,"female_never_smoker_age65",1877.87308344382,1625.69802093034,2134.85813954051
"C",33,"female_never_smoker_age65",1869.87524061149,1618.2935339943,2127.04934570698
"C",35,"female_never_smoker_age65",1861.87739777915,1610.02607676371,2118.89551038936
"C",37,"female_never_smoker_age65",1853.8795549468,1602.23546073375,2111.98528405973
"C",39,"female_never_smoker_age65",1845.88171211445,1593.64634275683,2104.74696312387
"C",41,"female_never_smoker_age65",1837.88386928212,1585.66452925579,2097.51454979687
"C",43,"female_never_smoker_age65",1829.88602644977,1577.93480203103,2090.58489886207
"C",45,"female_never_smoker_age65",1821.88818361742,1569.30171021022,2083.03212000962
"C",47,"female_never_smoker_age65",1813.89034078506,1560.26134492013,2075.31240317679
"C",49,"female_never_smoker_age65",1805.89249795273,1550.80437892376,2068.42510303555
"C",51,"female_never_smoker_age65",1797.89465512038,1542.34256695208,2060.96709912291
"C",53,"female_never_smoker_age65",1789.89681228805,1534.03658702056,2053.90399975846
"C",55,"female_never_smoker_age65",1781.8989694557,1525.38777034313,2046.16276351527
"C",57,"female_never_smoker_age65",1773.90112662334,1516.95241648967,2038.51775212561
"C",59,"female_never_smoker_age65",1765.903283791,1507.69962285519,2031.63621269519
"C",61,"female_never_smoker_age65",1757.90544095867,1498.46197031749,2024.34853190668
"C",63,"female_never_smoker_age65",1749.90759812633,1488.67191887905,2017.82133526924
"C",65,"female_never_smoker_age65",1741.90975529397,1479.47726212729,2010.78593734218
"C",67,"female_never_smoker_age65",1733.91191246163,1470.31929024319,2003.40472643632
"C",69,"female_never_smoker_age65",1725.91406962929,1461.03186155458,1996.4668876294
"C",71,"female_never_smoker_age65",1717.91622679694,1451.65316410764,1989.68976185734
"C",73,"female_never_smoker_age65",1709.9183839646,1442.08716710877,1982.58405659245
"C",75,"female_never_smoker_age65",1701.92054113225,1431.93209736793,1976.54078169839
"C",77,"female_never_smoker_age65",1693.92269829992,1422.95435863956,1970.19490408531
"C",79,"female_never_smoker_age65",1685.92485546757,1413.20756268903,1963.15158472122
"C",81,"female_never_smoker_age65",1677.92701263521,1403.63273692714,1956.58349182743
"C",83,"female_never_smoker_age65",1669.92916980287,1394.20328150318,1950.49786189796
"C",85,"female_never_smoker_age65",1661.93132697053,1384.13169529301,1944.18826611687
"C",87,"female_never_smoker_age65",1653.93348413819,1374.13181294145,1937.84050754547
"C",89,"female_never_smoker_age65",1645.93564130585,1364.07843007264,1931.5755079637
"C",91,"female_never_smoker_age65",1637.93779847351,1353.63578988901,1925.34215789243
"C",93,"female_never_smoker_age65",1629.93995564115,1344.14294493737,1918.18865069634
"C",95,"female_never_smoker_age65",1621.9421128088,1333.96832720753,1911.68271809392
"C",97,"female_never_smoker_age65",1613.94426997646,1324.24364607103,1905.61023365242
"C",99,"female_never_smoker_age65",1605.94642714411,1313.64179383637,1899.21495623011
"C",101,"female_never_smoker_age65",1597.94858431177,1304.06436157472,1893.39602001173
"C",103,"female_never_smoker_age65",1589.95074147943,1293.21024835897,1887.32245609793
"C",105,"female_never_smoker_age65",1581.95289864708,1283.22047870227,1880.76361236942
"C",107,"female_never_smoker_age65",1573.95505581475,1272.27555039089,1875.51319139575
"C",109,"female_never_smoker_age65",1565.9572129824,1262.98343237028,1870.15325020335
"C",111,"female_never_smoker_age65",1557.95937015005,1253.18267048208,1864.23298453965
"C",113,"female_never_smoker_age65",1549.96152731772,1242.56141940285,1858.64203907997
"C",115,"female_never_smoker_age65",1541.96368448536,1232.33082959256,1853.54026123528
"C",117,"female_never_smoker_age65",1533.96584165302,1222.01668197073,1848.43355057585
"C",119,"female_never_smoker_age65",1525.96799882067,1211.6331729781,1843.13732912999
"C",121,"female_never_smoker_age65",1517.97015598833,1200.71039417848,1837.18344713678
"C",123,"female_never_smoker_age65",1509.97231315599,1190.42034164436,1832.23873535382
"C",125,"female_never_smoker_age65",1501.97447032364,1180.23057495594,1826.82018498935
"C",127,"female_never_smoker_age65",1493.9766274913,1170.33471550062,1821.05189081454
"C",129,"female_never_smoker_age65",1485.97878465895,1159.87233989942,1815.46122568906
"C",131,"female_never_smoker_age65",1477.9809418266,1149.68927839323,1810.03659332762
"C",133,"female_never_smoker_age65",1469.98309899426,1138.76613100865,1805.41281615657
"C",-5,"female_current_smoker_age65",2331.49766311489,1815.71922340166,2852.79467190446
"C",-3,"female_current_smoker_age65",2337.94003760731,1823.654523527,2857.98961417106
"C",-1,"female_current_smoker_age65",2344.38241209972,1832.22317272323,2862.59335105632
"C",1,"female_current_smoker_age65",2350.82478659213,1840.5650248837,2867.21473064916
"C",3,"female_current_smoker_age65",2357.26716108455,1848.18450505498,2872.14569480288
"C",5,"female_current_smoker_age65",2363.70953557696,1856.86321379304,2876.7275808131
"C",7,"female_current_smoker_age65",2370.1519100694,1865.02325949497,2881.20493919149
"C",9,"female_current_smoker_age65",2376.59428456181,1871.65549919405,2885.50637345955
"C",11,"female_current_smoker_age65",2383.03665905422,1878.71320736986,2891.28197825602
"C",13,"female_current_smoker_age65",2389.47903354663,1886.4819519743,2895.83994822852
"C",15,"female_current_smoker_age65",2395.92140803905,1892.86325068278,2902.83625800396
"C",17,"female_current_smoker_age65",2402.36378253146,1901.111716071,2908.5596567645
"C",19,"female_current_smoker_age65",2408.80615702388,1908.41576874272,2914.36723944013
"C",21,"female_current_smoker_age65",2415.2485315163,1915.35173803545,2919.36223085905
"C",23,"female_current_smoker_age65",2421.69090600872,1922.38150328806,2927.39279401334
"C",25,"female_current_smoker_age65",2428.13328050112,1928.4571330285,2933.39148034062
"C",27,"female_current_smoker_age65",2434.57565499355,1935.56754226909,2939.6443988101
"C",29,"female_current_smoker_age65",2441.01802948596,1941.97132655834,2945.97362411575
"C",31,"female_current_smoker_age65",2447.46040397838,1947.16368678838,2952.76829837038
"C",33,"female_current_smoker_age65",2453.9027784708,1954.10857901235,2959.46984900254
"C",35,"female_current_smoker_age65",2460.34515296319,1959.91067632233,2966.22831547913
"C",37,"female_current_smoker_age65",2466.78752745561,1964.7985921298,2973.03757840101
"C",39,"female_current_smoker_age65",2473.22990194803,1970.55805901253,2980.06762581626
"C",41,"female_current_smoker_age65",2479.67227644045,1976.49059422283,2986.9132250595
"C",43,"female_current_smoker_age65",2486.11465093285,1981.82726456721,2994.23247306605
"C",45,"female_current_smoker_age65",2492.55702542527,1986.66589246261,3001.50706063879
"C",47,"female_current_smoker_age65",2498.9993999177,1992.00544731181,3009.44022664554
"C",49,"female_current_smoker_age65",2505.44177441011,1996.21161337879,3017.09875082991
"C",51,"female_current_smoker_age65",2511.88414890253,2001.69349742779,3025.15207158899
"C",53,"female_current_smoker_age65",2518.32652339493,2006.12161685484,3032.84392305215
"C",55,"female_current_smoker_age65",2524.76889788737,2010.68093629765,3041.20181331689
"C",57,"female_current_smoker_age65",2531.21127237977,2015.84805896297,3049.4355107046
"C",59,"female_current_smoker_age65",2537.65364687217,2019.0203907093,3058.13833394046
"C",61,"female_current_smoker_age65",2544.09602136459,2022.57843252665,3065.53860496493
"C",63,"female_current_smoker_age65",2550.538395857,2026.35164713625,3074.12550661499
"C",65,"female_current_smoker_age65",2556.98077034943,2028.9767761458,3081.56142196317
"C",67,"female_current_smoker_age65",2563.42314484185,2032.5369899479,3090.61965578639
"C",69,"female_current_smoker_age65",2569.86551933427,2035.7694425824,3098.61586618605
"C",71,"female_current_smoker_age65",2576.30789382667,2040.04684812884,3107.53378315293
"C",73,"female_current_smoker_age65",2582.7502683191,2044.22992249362,3117.58598248891
"C",75,"female_current_smoker_age65",2589.19264281152,2049.47632685796,3127.6345704422
"C",77,"female_current_smoker_age65",2595.63501730392,2054.63012130709,3136.3315956118
"C",79,"female_current_smoker_age65",2602.07739179636,2058.02209256749,3145.62791449885
"C",81,"female_current_smoker_age65",2608.51976628875,2061.80597785974,3153.85984559312
"C",83,"female_current_smoker_age65",2614.96214078118,2062.60964941903,3164.13190126068
"C",85,"female_current_smoker_age65",2621.40451527358,2066.60097832476,3173.53963358656
"C",87,"female_current_smoker_age65",2627.84688976601,2068.43212909006,3183.83982646039
"C",89,"female_current_smoker_age65",2634.28926425844,2073.33796914412,3192.96322861636
"C",91,"female_current_smoker_age65",2640.73163875081,2075.3747010088,3203.38545723595
"C",93,"female_current_smoker_age65",2647.17401324324,2078.18959008793,3213.68081894961
"C",95,"female_current_smoker_age65",2653.61638773568,2081.87633031444,3224.70111000072
"C",97,"female_current_smoker_age65",2660.05876222809,2083.71886563017,3235.30265671093
"C",99,"female_current_smoker_age65",2666.5011367205,2087.49627637595,3244.348237417
"C",101,"female_current_smoker_age65",2672.94351121291,2090.33943065981,3254.18666460993
"C",103,"female_current_smoker_age65",2679.38588570533,2093.16777005816,3263.08067196299
"C",105,"female_current_smoker_age65",2685.82826019775,2095.01754002222,3272.60271432702
"C",107,"female_current_smoker_age65",2692.27063469016,2096.11912417171,3282.77457067677
"C",109,"female_current_smoker_age65",2698.71300918255,2098.50415695134,3294.08398310852
"C",111,"female_current_smoker_age65",2705.15538367499,2100.40014013408,3305.19177084758
"C",113,"female_current_smoker_age65",2711.5977581674,2101.00806855706,3317.16372401922
"C",115,"female_current_smoker_age65",2718.04013265981,2102.55414819402,3329.00339801366
"C",117,"female_current_smoker_age65",2724.48250715224,2105.2711058705,3340.20686333842
"C",119,"female_current_smoker_age65",2730.92488164465,2106.68734050421,3351.11851073391
"C",121,"female_current_smoker_age65",2737.36725613705,2109.41900400673,3360.23112155207
"C",123,"female_current_smoker_age65",2743.80963062947,2109.83438749484,3370.00237774729
"C",125,"female_current_smoker_age65",2750.25200512189,2110.87018738382,3380.50410806758
"C",127,"female_current_smoker_age65",2756.69437961431,2112.8430982916,3393.12712563235
"C",129,"female_current_smoker_age65",2763.13675410673,2115.92958153886,3402.4342587853
"C",131,"female_current_smoker_age65",2769.57912859913,2118.70541352433,3413.3091821231
"C",133,"female_current_smoker_age65",2776.02150309157,2120.93060160123,3424.49432765343
