"run","model","variant","max_rhat","min_bulk_ess","min_tail_ess","max_slope_mcse","divergences","treedepth_hits","min_ebfmi","passed"
"P_primary","P","primary",1.0014460036455,4586.9596329078,5909.91569699438,0.0124515621530524,0,0,1.02170791768991,TRUE
"H_primary","H","primary",1.00964637669557,490.518806414074,899.693273214153,0.00625929930441476,0,0,0.586444565586306,TRUE
"C_primary","C","primary",1.0021243778762,2318.09635292339,4487.38672961807,0.00353513029454714,0,0,0.601819662810861,TRUE
"P_cv_fold_1","P","cv_fold_1",1.00105410624365,4770.03005951026,5869.98322502721,0.0138377373857741,0,0,0.977679151684667,TRUE
"H_cv_fold_1","H","cv_fold_1",1.00310333052868,643.247064863633,1230.27701355136,0.00771502842283517,0,0,0.616360076562069,TRUE
"C_cv_fold_1","C","cv_fold_1",1.00759620909039,925.643877699491,1789.03777919231,0.00723951179402472,0,0,0.599949700414317,TRUE
"P_cv_fold_2","P","cv_fold_2",1.00091653044758,5056.20877871465,5767.56316064318,0.0138642202898158,0,0,1.02784795656597,TRUE
"H_cv_fold_2","H","cv_fold_2",1.00126630961582,2337.29869233618,4740.15579510414,0.00283831284624151,0,0,0.590501363948247,TRUE
"C_cv_fold_2","C","cv_fold_2",1.00700835934392,735.343394528686,1444.42710857783,0.00692477243138013,0,0,0.592453730843956,TRUE
"P_cv_fold_3","P","cv_fold_3",1.00050822571051,5100.57477658343,6282.10359647932,0.0141056345613646,0,0,1.03381719945101,TRUE
"H_cv_fold_3","H","cv_fold_3",1.00652771945789,1124.49391088188,2323.95908111546,0.00485398212450443,0,0,0.5922807383281,TRUE
"C_cv_fold_3","C","cv_fold_3",1.0027754084412,1266.90097396192,2406.84819123681,0.00607546116654104,0,0,0.61577399742884,TRUE
"P_cv_fold_4","P","cv_fold_4",1.00033915819953,4716.79913530723,5478.13466549583,0.0153712279205155,0,0,0.980453804225827,TRUE
"H_cv_fold_4","H","cv_fold_4",1.00479350406534,593.951295057981,1294.08558551927,0.00540234065531665,0,0,0.574172057622871,TRUE
"C_cv_fold_4","C","cv_fold_4",1.00402264229494,1069.43804961487,1839.43365157148,0.0050449739735985,0,0,0.580622736664496,TRUE
"P_cv_fold_5","P","cv_fold_5",1.00079788535197,4762.8328624861,5477.60079520145,0.0143556710833597,0,0,0.954847246034858,TRUE
"H_cv_fold_5","H","cv_fold_5",1.00402294027807,755.125163190027,1519.21278687516,0.00684408044542766,0,0,0.60909422913832,TRUE
"C_cv_fold_5","C","cv_fold_5",1.00552648575792,708.690783997496,1066.75087355285,0.00833526029216658,0,0,0.608242042653084,TRUE
"H_prior_half","H","prior_half",1.00514632543871,481.452792302311,1108.72085136604,0.00595478979716228,0,0,0.550868475725472,TRUE
"C_prior_half","C","prior_half",1.00833195429818,750.437225098736,1555.27742094194,0.00576653191724038,0,0,0.59101604759557,TRUE
"H_prior_double","H","prior_double",1.0058898925002,583.271386949908,1233.09910448374,0.00565307794016552,0,0,0.588328733763101,TRUE
"C_prior_double","C","prior_double",1.00348370499143,1663.16500313876,3363.95025563957,0.00409758158407389,0,0,0.592647557940972,TRUE
"H_all_rows","H","all_rows",1.0040340738075,1176.08428743031,2372.39968711331,0.00337649615038457,0,0,0.597831909828392,TRUE
"C_all_rows","C","all_rows",1.00793509634627,706.565350612624,1778.35994796133,0.0058205658426381,0,0,0.570546957075627,TRUE
