"model","variant","estimand","mean","median","lower95","upper95","p_negative"
"P","primary","standardized_slope",-1.50011697152992,-1.49864925156618,-3.27551367329137,0.247542130149146,0.952916666666667
"H","primary","standardized_slope",-4.24784308876214,-4.24463739061041,-5.11896199541908,-3.39500775607857,1
"H","primary","tau_intercept",832.486995784076,830.551042908078,754.522375339103,924.770185176928,0
"H","primary","tau_slope",5.11258678196553,5.09859003166235,4.41467330928015,5.87544663890734,0
"H","primary","rho",-0.138212074974285,-0.139934565263811,-0.294633376101784,0.0261463258551347,0.9495
"C","primary","standardized_slope",-4.23157126541231,-4.22913158349358,-5.07179256239868,-3.40990136145118,1
"C","primary","reference_slope",-3.74944064561508,-3.75563202801468,-5.94932764799523,-1.57541672967,0.9997
"C","primary","age_main_ml_per_decade",-159.363101180139,-158.889786283125,-307.401456577783,-10.9195107743702,0.98205
"C","primary","male_main_ml",991.809216054307,991.400411748713,710.716495200323,1279.00756360636,0
"C","primary","current_main_ml",279.299931668996,279.030786202398,-203.830111645214,751.22382318717,0.1206
"C","primary","never_main_ml",-66.4640203317699,-67.2511075341612,-325.027645504351,193.511103199457,0.69085
"C","primary","age_time_ml_week_per_decade",0.896665324922091,0.897334999470901,-0.274407842249983,2.07039591676751,0.0682
"C","primary","male_time_ml_week",-1.23059972867135,-1.23154390899303,-3.39287877447852,0.93060544163961,0.86595
"C","primary","current_time_ml_week",6.97062789182273,6.97876675085733,3.38552373011384,10.571271111113,0.00015
"C","primary","never_time_ml_week",-0.249480770557142,-0.253316120449134,-2.24727075006975,1.75047283116624,0.59935
"C","primary","male_ex_smoker_age65_slope",-4.98004037428643,-4.97492999400388,-6.06277211163039,-3.89206046048822,1
"C","primary","female_never_smoker_age65_slope",-3.99892141617222,-4.00616386448906,-5.96626376509771,-2.01390412130076,0.99995
"C","primary","female_current_smoker_age65_slope",3.22118724620765,3.22618834127896,-0.600044084265533,7.05442717593987,0.04985
"C","primary","female_ex_smoker_age75_slope",-2.85277532069299,-2.85048355182827,-5.248702067014,-0.47548417520571,0.9905
"C","primary","tau_intercept",712.889060558191,711.050717956299,641.976845624318,796.14447193446,0
"C","primary","tau_slope",4.84273938327217,4.83136902201455,4.15947148825257,5.60257459314392,0
"C","primary","rho",-0.136521139712895,-0.137415398985239,-0.300295879711523,0.0340936896343436,0.94175
"H","prior_half","standardized_slope",-4.21251196146433,-4.20730276601671,-5.0553833117427,-3.36472938775277,1
"H","prior_half","tau_intercept",830.597956377259,828.163380498041,748.009917892566,924.641552448672,0
"H","prior_half","tau_slope",5.09482431249209,5.08076294399025,4.40147792342351,5.84438946507599,0
"H","prior_half","rho",-0.137967838996676,-0.13973621579908,-0.296477929294256,0.028574216996152,0.950833333333333
"C","prior_half","standardized_slope",-4.21945247092806,-4.22031390276126,-5.0487728481349,-3.40905767643374,1
"C","prior_half","reference_slope",-3.68022481260878,-3.67792884439863,-5.75269282232512,-1.61236507574374,0.999833333333333
"C","prior_half","age_main_ml_per_decade",-150.903022699375,-150.889167588918,-295.62049310012,-10.4322872307109,0.98225
"C","prior_half","male_main_ml",916.95230354354,918.358962643093,644.411906714797,1184.54225581854,0
"C","prior_half","current_main_ml",245.702516147332,243.944136873813,-173.658877833808,668.314397803218,0.132083333333333
"C","prior_half","never_main_ml",-105.420879922213,-105.857994698937,-354.740120379896,143.942958993113,0.805166666666667
"C","prior_half","age_time_ml_week_per_decade",0.822501328875425,0.827069500831584,-0.332814232765496,1.99438759370227,0.083
"C","prior_half","male_time_ml_week",-1.20323903658393,-1.20932975116505,-3.30023036665884,0.836622551424601,0.86825
"C","prior_half","current_time_ml_week",6.25278659130065,6.22811272384517,2.8102083557484,9.72545830664913,0.00025
"C","prior_half","never_time_ml_week",-0.340091305917836,-0.336157908234036,-2.27117006270927,1.62232812696943,0.632
"C","prior_half","male_ex_smoker_age65_slope",-4.88346384919271,-4.88463348694635,-5.96970674612635,-3.82073766212335,1
"C","prior_half","female_never_smoker_age65_slope",-4.02031611852662,-4.0243191080811,-5.92422719843492,-2.11486932224541,1
"C","prior_half","female_current_smoker_age65_slope",2.57256177869187,2.56365103992732,-1.13441787456089,6.27462110482516,0.08575
"C","prior_half","female_ex_smoker_age75_slope",-2.85772348373336,-2.85652830352043,-5.17642902033503,-0.604489955923086,0.994333333333333
"C","prior_half","tau_intercept",708.961990860834,707.137150898351,636.409368645834,790.608756271253,0
"C","prior_half","tau_slope",4.82399232843752,4.81212771248178,4.15887422574233,5.57944246160909,0
"C","prior_half","rho",-0.135584943293641,-0.136411544215804,-0.30130546999462,0.0326037377842072,0.942166666666667
"H","prior_double","standardized_slope",-4.25335416764979,-4.25268340595338,-5.12462676959222,-3.39335168755581,1
"H","prior_double","tau_intercept",836.514399872785,834.554250482977,753.970365856315,930.396810955393,0
"H","prior_double","tau_slope",5.12190361012914,5.10556931462209,4.43324322821848,5.89797455545701,0
"H","prior_double","rho",-0.139822993327437,-0.140315737235692,-0.300685753172539,0.0268878249523799,0.9511
"C","prior_double","standardized_slope",-4.2397150715123,-4.24043061546284,-5.05926947406006,-3.40639156280345,1
"C","prior_double","reference_slope",-3.78779415273168,-3.78261487079195,-6.05246322370228,-1.53644373659927,0.9994
"C","prior_double","age_main_ml_per_decade",-165.167395113668,-164.548174837728,-314.798177380561,-18.4030722220849,0.98645
"C","prior_double","male_main_ml",1014.44116869504,1014.27804786178,737.066850617495,1295.08250030937,0
"C","prior_double","current_main_ml",292.680947784365,292.678075266261,-196.652500376902,776.959774778239,0.1239
"C","prior_double","never_main_ml",-60.7519108310532,-61.3393134084585,-318.225891185944,206.468867432428,0.6798
"C","prior_double","age_time_ml_week_per_decade",0.928116091663651,0.935115426669369,-0.299332219035528,2.12242344968005,0.0656
"C","prior_double","male_time_ml_week",-1.21596667737133,-1.21826318056948,-3.44035385513956,1.03032575028667,0.85975
"C","prior_double","current_time_ml_week",7.13306499791771,7.12684970826075,3.3775722113931,10.8410722670346,0.00015
"C","prior_double","never_time_ml_week",-0.237863652658132,-0.233969799339283,-2.23494166455638,1.76885232530422,0.59365
"C","prior_double","male_ex_smoker_age65_slope",-5.003760830103,-5.01222901002532,-6.08583219666022,-3.91969613455089,1
"C","prior_double","female_never_smoker_age65_slope",-4.02565780538981,-4.02159644924216,-5.99800089956751,-2.09935936377803,1
"C","prior_double","female_current_smoker_age65_slope",3.34527084518603,3.32980545734011,-0.663693096749896,7.32329026521631,0.0477
"C","prior_double","female_ex_smoker_age75_slope",-2.85967806106802,-2.8545291874512,-5.31160533758473,-0.429219353684278,0.9897
"C","prior_double","tau_intercept",713.815847560214,712.2310208643,641.764814466283,796.117430924337,0
"C","prior_double","tau_slope",4.84984609151172,4.84038258400363,4.17091767887675,5.62436018048887,0
"C","prior_double","rho",-0.135748140365665,-0.136561016002103,-0.30282847433858,0.0381113510867877,0.9388
"H","all_rows","standardized_slope",-4.25643419456841,-4.2555327706165,-5.12641996919621,-3.39401322752749,1
"H","all_rows","tau_intercept",835.75599124521,833.858661194911,751.826053705913,929.89153345946,0
"H","all_rows","tau_slope",5.12832656116332,5.11427826864903,4.44821631449645,5.89329748239654,0
"H","all_rows","rho",-0.139136336940987,-0.139950219966623,-0.298127414933674,0.0249999669062999,0.95245
"C","all_rows","standardized_slope",-4.23602771679017,-4.23756503665596,-5.06436811222582,-3.39746471223796,1
"C","all_rows","reference_slope",-3.72822203966854,-3.73121666892842,-5.90106423115858,-1.53931193505864,0.999333333333333
"C","all_rows","age_main_ml_per_decade",-166.765153814664,-164.990683629128,-315.486828162641,-23.8500886415509,0.988
"C","all_rows","male_main_ml",993.30734417136,993.728765810301,714.325182351917,1271.54714553477,0
"C","all_rows","current_main_ml",282.844987307398,283.961769412814,-202.713770533223,750.04694883953,0.121833333333333
"C","all_rows","never_main_ml",-60.1178339666005,-57.5877576384348,-321.016091221552,195.885962877919,0.675666666666667
"C","all_rows","age_time_ml_week_per_decade",0.917918717240016,0.914982796422632,-0.270173646132422,2.09964824359877,0.0651666666666667
"C","all_rows","male_time_ml_week",-1.25648747357653,-1.25466596647604,-3.4564624959256,0.90713537877482,0.87475
"C","all_rows","current_time_ml_week",6.96815148520589,6.97992725076604,3.32139553215586,10.5949716322938,8.33333333333333e-05
"C","all_rows","never_time_ml_week",-0.28507282978112,-0.272047773442318,-2.34317742925976,1.70726266419729,0.606083333333333
"C","all_rows","male_ex_smoker_age65_slope",-4.98470951324507,-4.99078900818463,-6.05819518062503,-3.89514628653703,1
"C","all_rows","female_never_smoker_age65_slope",-4.01329486944966,-4.0124582381082,-5.94363461776371,-2.07610393599563,1
"C","all_rows","female_current_smoker_age65_slope",3.23992944553735,3.24024180156644,-0.693703053406885,7.21439940242942,0.0533333333333333
"C","all_rows","female_ex_smoker_age75_slope",-2.81030332242853,-2.81629587777901,-5.17932411272426,-0.451771538773988,0.99
"C","all_rows","tau_intercept",713.03428990417,711.893938668312,639.366878241768,795.066156860193,0
"C","all_rows","tau_slope",4.86459909310343,4.85016704304455,4.17931096477127,5.62754149917134,0
"C","all_rows","rho",-0.134336246264447,-0.136331102742927,-0.294738619446877,0.0362650208639902,0.9395
