"model","statistic","observed","lower","median","upper","ppp"
"P","negative_fraction",0,0,0,0.323865110246432,1
"P","median_fvc_ml",2642,149.595226880855,3066.6261385903,5917.73065837102,0.609
"P","q01_fvc_ml",1073.2,-1214.29177300982,2001.06280579348,5199.64301328225,0.71
"P","q99_fvc_ml",4791,1015.59225241227,4084.39525405142,7053.28662254654,0.338
"H","negative_fraction",0,0,0.00259403372243839,0.444974059662776,1
"H","median_fvc_ml",2642,139.758533138359,3079.18776480457,5913.28569025519,0.607
"H","q01_fvc_ml",1073.2,-3675.76553018653,562.61594397535,3980.88770505796,0.381
"H","q99_fvc_ml",4791,2103.10156339228,5549.39189474199,9675.51175923098,0.649
"C","negative_fraction",0,0,0.0123216601815824,0.67908560311284,1
"C","median_fvc_ml",2642,-529.103537721837,3040.00916103832,6531.81878558252,0.585
"C","q01_fvc_ml",1073.2,-4507.85156145116,-102.475247951787,3795.73984142956,0.29
"C","q99_fvc_ml",4791,2130.22769852401,6109.74733528752,10182.4230693973,0.759
